{
  "config": {
    "N": 33,
    "NTICKS": 40,
    "SIGMA": 3.0,
    "OMEGA": 0.1,
    "EPS": 0.01,
    "MARGIN": 4
  },
  "holonomy": {
    "Q": [
      [
        8.0,
        4.0,
        -3.999999999999999
      ],
      [
        4.0,
        8.0,
        -4.0
      ],
      [
        -3.999999999999999,
        -4.0,
        7.999999999999998
      ]
    ],
    "eigenvalues": [
      3.9999999999999987,
      4.0,
      16.0
    ],
    "max_dev": 1.7763568394002505e-15,
    "pass_": true
  },
  "density_response": {
    "B": {
      "s_axis": 0.06234740655895159,
      "s_perp1": 0.0068201756561543135,
      "s_perp2": 0.00682328979094394,
      "s_perp": 0.006821732723549127,
      "ratio": 9.139526434936936
    },
    "E": {
      "s_axis": 0.04090944744833399,
      "s_perp1": 0.06045926169176732,
      "s_perp2": 0.06056347050203779,
      "s_perp": 0.06051136609690255,
      "ratio": 0.6760622026417622
    }
  },
  "finding": {
    "b_sense": "axis-ENHANCED",
    "e_sense": "axis-SUPPRESSED",
    "opposite_sense": true
  },
  "validation": {
    "uni_B": 0.00045650202314091346,
    "uni_E": 0.0017221361372604092,
    "uniax_ok": true,
    "quad_ratio": 1.0446213922969652,
    "quad_ok": true,
    "b_ratio": 9.139526434936936,
    "e_ratio": 0.6760622026417622,
    "aniso_ok": true
  }
}